{"cameraMode":{"drawMode":0,"name":"Shaded","section":"Shading Mode"},"sceneLighting":false,"audioPlay":false,"sceneViewState":{"showFog":true,"showMaterialUpdate":false,"showSkybox":true,"showFlares":true,"showImageEffects":true,"showParticleSystems":true},"in2DMode":false,"pivot":{"x":-1.0461885929107667,"y":-84.1688232421875,"z":47.2365608215332},"rotation":{"x":-0.6707916855812073,"y":-0.007340703625231981,"z":0.006645446177572012,"w":-0.7415956258773804},"size":52.814369201660159,"orthographic":false}