{"cameraMode":{"drawMode":0,"name":"Shaded","section":"Shading Mode"},"sceneLighting":true,"audioPlay":false,"sceneViewState":{"showFog":true,"showMaterialUpdate":false,"showSkybox":true,"showFlares":true,"showImageEffects":true,"showParticleSystems":true},"in2DMode":false,"pivot":{"x":0.07259410619735718,"y":1.4682111740112305,"z":-5.699798583984375},"rotation":{"x":-0.10795467346906662,"y":0.051273345947265628,"z":-0.005575039889663458,"w":-0.9928224682807922},"size":7.1457977294921879,"orthographic":false}