{"cameraMode":{"drawMode":0,"name":"Shaded","section":"Shading Mode"},"sceneLighting":false,"audioPlay":false,"sceneViewState":{"showFog":true,"showMaterialUpdate":false,"showSkybox":true,"showFlares":true,"showImageEffects":true,"showParticleSystems":true},"in2DMode":false,"pivot":{"x":4.811493873596191,"y":-0.008775711059570313,"z":-39.298545837402347},"rotation":{"x":0.014881952665746212,"y":0.9850796461105347,"z":-0.11609234660863877,"w":0.12626978754997254},"size":21.93158531188965,"orthographic":false}